<?xml version="1.0" encoding="UTF-8"?>
<project name="module_app" default="compile.module.app">
  <dirname property="module.app.basedir" file="${ant.file.module_app}"/>
  
  <property name="module.jdk.home.app" value="${jdk.home.android_api_25_platform}"/>
  <property name="module.jdk.bin.app" value="${jdk.bin.android_api_25_platform}"/>
  <property name="module.jdk.classpath.app" value="jdk.classpath.android_api_25_platform"/>
  
  <property name="compiler.args.app" value="-encoding UTF-8 -source 7 -target 7 ${compiler.args}"/>
  
  <property name="app.output.dir" value="${module.app.basedir}/build/intermediates/classes/debug"/>
  <property name="app.testoutput.dir" value="${module.app.basedir}/build/intermediates/classes/test/debug"/>
  
  <path id="app.module.bootclasspath">
    <!-- Paths to be included in compilation bootclasspath -->
  </path>
  
  <path id="app.module.production.classpath">
    <path refid="${module.jdk.classpath.app}"/>
    <path refid="library.shortcutbadger-1.1.3.classpath"/>
    <path refid="library.gson-2.3.1.classpath"/>
    <path refid="library.play-services-base-9.4.0.classpath"/>
    <path refid="library.signalr-client-sdk-android-release-.classpath"/>
    <path refid="library.transition-25.3.1.classpath"/>
    <path refid="library.design-25.3.1.classpath"/>
    <path refid="library.core-3.3.0.classpath"/>
    <path refid="library.support-core-ui-25.3.1.classpath"/>
    <path refid="library.play-services-maps-9.4.0.classpath"/>
    <path refid="library.baidulbs_android.classpath"/>
    <path refid="library.ksoap2-android-assembly-2.4-jar-with-dependencies.classpath"/>
    <path refid="library.support-core-utils-25.3.1.classpath"/>
    <path refid="library.support-fragment-25.3.1.classpath"/>
    <path refid="library.android-gif-drawable-1.1.11-javadoc.classpath"/>
    <path refid="library.qrcodescanner-0.1.2.classpath"/>
    <path refid="library.gifview.classpath"/>
    <path refid="library.play-services-basement-9.4.0.classpath"/>
    <path refid="library.signalr-client-sdk.classpath"/>
    <path refid="library.universal-image-loader-1.9.5.classpath"/>
    <path refid="library.play-services-tasks-9.4.0.classpath"/>
    <path refid="library.support-v4-25.3.1.classpath"/>
    <path refid="library.support-media-compat-25.3.1.classpath"/>
    <path refid="library.recyclerview-v7-25.3.1.classpath"/>
    <path refid="library.support-annotations-25.3.1.classpath"/>
    <path refid="library.appcompat-v7-25.3.1.classpath"/>
    <path refid="library.support-vector-drawable-25.3.1.classpath"/>
    <path refid="library.support-compat-25.3.1.classpath"/>
    <path refid="library.animated-vector-drawable-25.3.1.classpath"/>
  </path>
  
  <path id="app.runtime.production.module.classpath">
    <pathelement location="${app.output.dir}"/>
    <path refid="library.shortcutbadger-1.1.3.classpath"/>
    <path refid="library.gson-2.3.1.classpath"/>
    <path refid="library.play-services-base-9.4.0.classpath"/>
    <path refid="library.signalr-client-sdk-android-release-.classpath"/>
    <path refid="library.transition-25.3.1.classpath"/>
    <path refid="library.design-25.3.1.classpath"/>
    <path refid="library.core-3.3.0.classpath"/>
    <path refid="library.support-core-ui-25.3.1.classpath"/>
    <path refid="library.play-services-maps-9.4.0.classpath"/>
    <path refid="library.baidulbs_android.classpath"/>
    <path refid="library.ksoap2-android-assembly-2.4-jar-with-dependencies.classpath"/>
    <path refid="library.support-core-utils-25.3.1.classpath"/>
    <path refid="library.support-fragment-25.3.1.classpath"/>
    <path refid="library.android-gif-drawable-1.1.11-javadoc.classpath"/>
    <path refid="library.qrcodescanner-0.1.2.classpath"/>
    <path refid="library.gifview.classpath"/>
    <path refid="library.play-services-basement-9.4.0.classpath"/>
    <path refid="library.signalr-client-sdk.classpath"/>
    <path refid="library.universal-image-loader-1.9.5.classpath"/>
    <path refid="library.play-services-tasks-9.4.0.classpath"/>
    <path refid="library.support-v4-25.3.1.classpath"/>
    <path refid="library.support-media-compat-25.3.1.classpath"/>
    <path refid="library.recyclerview-v7-25.3.1.classpath"/>
    <path refid="library.support-annotations-25.3.1.classpath"/>
    <path refid="library.appcompat-v7-25.3.1.classpath"/>
    <path refid="library.support-vector-drawable-25.3.1.classpath"/>
    <path refid="library.support-compat-25.3.1.classpath"/>
    <path refid="library.animated-vector-drawable-25.3.1.classpath"/>
  </path>
  
  <path id="app.module.classpath">
    <path refid="${module.jdk.classpath.app}"/>
    <pathelement location="${app.output.dir}"/>
    <path refid="library.shortcutbadger-1.1.3.classpath"/>
    <path refid="library.gson-2.3.1.classpath"/>
    <path refid="library.play-services-base-9.4.0.classpath"/>
    <path refid="library.signalr-client-sdk-android-release-.classpath"/>
    <path refid="library.transition-25.3.1.classpath"/>
    <path refid="library.design-25.3.1.classpath"/>
    <path refid="library.core-3.3.0.classpath"/>
    <path refid="library.support-core-ui-25.3.1.classpath"/>
    <path refid="library.play-services-maps-9.4.0.classpath"/>
    <path refid="library.baidulbs_android.classpath"/>
    <path refid="library.ksoap2-android-assembly-2.4-jar-with-dependencies.classpath"/>
    <path refid="library.support-core-utils-25.3.1.classpath"/>
    <path refid="library.support-fragment-25.3.1.classpath"/>
    <path refid="library.android-gif-drawable-1.1.11-javadoc.classpath"/>
    <path refid="library.qrcodescanner-0.1.2.classpath"/>
    <path refid="library.gifview.classpath"/>
    <path refid="library.play-services-basement-9.4.0.classpath"/>
    <path refid="library.signalr-client-sdk.classpath"/>
    <path refid="library.universal-image-loader-1.9.5.classpath"/>
    <path refid="library.play-services-tasks-9.4.0.classpath"/>
    <path refid="library.support-v4-25.3.1.classpath"/>
    <path refid="library.support-media-compat-25.3.1.classpath"/>
    <path refid="library.recyclerview-v7-25.3.1.classpath"/>
    <path refid="library.support-annotations-25.3.1.classpath"/>
    <path refid="library.appcompat-v7-25.3.1.classpath"/>
    <path refid="library.support-vector-drawable-25.3.1.classpath"/>
    <path refid="library.support-compat-25.3.1.classpath"/>
    <path refid="library.animated-vector-drawable-25.3.1.classpath"/>
  </path>
  
  <path id="app.runtime.module.classpath">
    <pathelement location="${app.testoutput.dir}"/>
    <pathelement location="${app.output.dir}"/>
    <path refid="library.shortcutbadger-1.1.3.classpath"/>
    <path refid="library.gson-2.3.1.classpath"/>
    <path refid="library.play-services-base-9.4.0.classpath"/>
    <path refid="library.signalr-client-sdk-android-release-.classpath"/>
    <path refid="library.transition-25.3.1.classpath"/>
    <path refid="library.design-25.3.1.classpath"/>
    <path refid="library.core-3.3.0.classpath"/>
    <path refid="library.support-core-ui-25.3.1.classpath"/>
    <path refid="library.play-services-maps-9.4.0.classpath"/>
    <path refid="library.baidulbs_android.classpath"/>
    <path refid="library.ksoap2-android-assembly-2.4-jar-with-dependencies.classpath"/>
    <path refid="library.support-core-utils-25.3.1.classpath"/>
    <path refid="library.support-fragment-25.3.1.classpath"/>
    <path refid="library.android-gif-drawable-1.1.11-javadoc.classpath"/>
    <path refid="library.qrcodescanner-0.1.2.classpath"/>
    <path refid="library.gifview.classpath"/>
    <path refid="library.play-services-basement-9.4.0.classpath"/>
    <path refid="library.signalr-client-sdk.classpath"/>
    <path refid="library.universal-image-loader-1.9.5.classpath"/>
    <path refid="library.play-services-tasks-9.4.0.classpath"/>
    <path refid="library.support-v4-25.3.1.classpath"/>
    <path refid="library.support-media-compat-25.3.1.classpath"/>
    <path refid="library.recyclerview-v7-25.3.1.classpath"/>
    <path refid="library.support-annotations-25.3.1.classpath"/>
    <path refid="library.appcompat-v7-25.3.1.classpath"/>
    <path refid="library.support-vector-drawable-25.3.1.classpath"/>
    <path refid="library.support-compat-25.3.1.classpath"/>
    <path refid="library.animated-vector-drawable-25.3.1.classpath"/>
  </path>
  
  
  <patternset id="excluded.from.module.app">
    <patternset refid="ignored.files"/>
  </patternset>
  
  <patternset id="excluded.from.compilation.app">
    <patternset refid="excluded.from.module.app"/>
  </patternset>
  
  <path id="app.module.sourcepath">
    <dirset dir="${module.app.basedir}">
      <include name="build/generated/source/r/debug"/>
      <include name="build/generated/source/aidl/debug"/>
      <include name="build/generated/source/buildConfig/debug"/>
      <include name="build/generated/source/rs/debug"/>
      <include name="build/generated/source/apt/debug"/>
      <include name="build/generated/res/rs/debug"/>
      <include name="src/debug/res"/>
      <include name="src/main/res"/>
      <include name="src/main/java"/>
    </dirset>
  </path>
  
  <path id="app.module.test.sourcepath">
    <dirset dir="${module.app.basedir}">
      <include name="build/generated/source/r/androidTest/debug"/>
      <include name="build/generated/source/aidl/androidTest/debug"/>
      <include name="build/generated/source/buildConfig/androidTest/debug"/>
      <include name="build/generated/source/rs/androidTest/debug"/>
      <include name="build/generated/res/rs/androidTest/debug"/>
      <include name="src/androidTest/java"/>
      <include name="src/test/java"/>
    </dirset>
  </path>
  
  
  <target name="compile.module.app" depends="compile.module.app.production,compile.module.app.tests" description="Compile module app"/>
  
  <target name="compile.module.app.production" depends="register.custom.compilers" description="Compile module app; production classes">
    <mkdir dir="${app.output.dir}"/>
    <javac2 destdir="${app.output.dir}" debug="${compiler.debug}" nowarn="${compiler.generate.no.warnings}" memorymaximumsize="${compiler.max.memory}" fork="true" executable="${module.jdk.bin.app}/javac">
      <compilerarg line="${compiler.args.app}"/>
      <bootclasspath refid="app.module.bootclasspath"/>
      <classpath refid="app.module.production.classpath"/>
      <src refid="app.module.sourcepath"/>
      <patternset refid="excluded.from.compilation.app"/>
    </javac2>
    
    <copy todir="${app.output.dir}">
      <fileset dir="${module.app.basedir}/build/generated/source/r/debug">
        <patternset refid="compiler.resources"/>
        <type type="file"/>
      </fileset>
      <fileset dir="${module.app.basedir}/build/generated/source/aidl/debug">
        <patternset refid="compiler.resources"/>
        <type type="file"/>
      </fileset>
      <fileset dir="${module.app.basedir}/build/generated/source/buildConfig/debug">
        <patternset refid="compiler.resources"/>
        <type type="file"/>
      </fileset>
      <fileset dir="${module.app.basedir}/build/generated/source/rs/debug">
        <patternset refid="compiler.resources"/>
        <type type="file"/>
      </fileset>
      <fileset dir="${module.app.basedir}/build/generated/source/apt/debug">
        <patternset refid="compiler.resources"/>
        <type type="file"/>
      </fileset>
      <fileset dir="${module.app.basedir}/build/generated/res/rs/debug">
        <patternset refid="compiler.resources"/>
        <type type="file"/>
      </fileset>
      <fileset dir="${module.app.basedir}/src/debug/res">
        <patternset refid="compiler.resources"/>
        <type type="file"/>
      </fileset>
      <fileset dir="${module.app.basedir}/src/main/res">
        <patternset refid="compiler.resources"/>
        <type type="file"/>
      </fileset>
      <fileset dir="${module.app.basedir}/src/main/java">
        <patternset refid="compiler.resources"/>
        <type type="file"/>
      </fileset>
    </copy>
  </target>
  
  <target name="compile.module.app.tests" depends="register.custom.compilers,compile.module.app.production" description="compile module app; test classes" unless="skip.tests">
    <mkdir dir="${app.testoutput.dir}"/>
    <javac2 destdir="${app.testoutput.dir}" debug="${compiler.debug}" nowarn="${compiler.generate.no.warnings}" memorymaximumsize="${compiler.max.memory}" fork="true" executable="${module.jdk.bin.app}/javac">
      <compilerarg line="${compiler.args.app}"/>
      <bootclasspath refid="app.module.bootclasspath"/>
      <classpath refid="app.module.classpath"/>
      <src refid="app.module.test.sourcepath"/>
      <patternset refid="excluded.from.compilation.app"/>
    </javac2>
    
    <copy todir="${app.testoutput.dir}">
      <fileset dir="${module.app.basedir}/build/generated/source/r/androidTest/debug">
        <patternset refid="compiler.resources"/>
        <type type="file"/>
      </fileset>
      <fileset dir="${module.app.basedir}/build/generated/source/aidl/androidTest/debug">
        <patternset refid="compiler.resources"/>
        <type type="file"/>
      </fileset>
      <fileset dir="${module.app.basedir}/build/generated/source/buildConfig/androidTest/debug">
        <patternset refid="compiler.resources"/>
        <type type="file"/>
      </fileset>
      <fileset dir="${module.app.basedir}/build/generated/source/rs/androidTest/debug">
        <patternset refid="compiler.resources"/>
        <type type="file"/>
      </fileset>
      <fileset dir="${module.app.basedir}/build/generated/res/rs/androidTest/debug">
        <patternset refid="compiler.resources"/>
        <type type="file"/>
      </fileset>
      <fileset dir="${module.app.basedir}/src/androidTest/java">
        <patternset refid="compiler.resources"/>
        <type type="file"/>
      </fileset>
      <fileset dir="${module.app.basedir}/src/test/java">
        <patternset refid="compiler.resources"/>
        <type type="file"/>
      </fileset>
    </copy>
  </target>
  
  <target name="clean.module.app" description="cleanup module">
    <delete dir="${app.output.dir}"/>
    <delete dir="${app.testoutput.dir}"/>
  </target>
</project>