<?xml version="1.0" encoding="UTF-8"?>
<project name="maakkiapp" default="all">
  
  
  <property file="maakkiapp.properties"/>
  <!-- Uncomment the following property if no tests compilation is needed -->
  <!-- 
  <property name="skip.tests" value="true"/>
   -->
  
  <!-- Compiler options -->
  
  <property name="compiler.debug" value="on"/>
  <property name="compiler.generate.no.warnings" value="off"/>
  <property name="compiler.args" value=""/>
  <property name="compiler.max.memory" value="700m"/>
  <patternset id="ignored.files">
    <exclude name="**/*.hprof/**"/>
    <exclude name="**/*.pyc/**"/>
    <exclude name="**/*.pyo/**"/>
    <exclude name="**/*.rbc/**"/>
    <exclude name="**/*.yarb/**"/>
    <exclude name="**/*~/**"/>
    <exclude name="**/.DS_Store/**"/>
    <exclude name="**/.git/**"/>
    <exclude name="**/.hg/**"/>
    <exclude name="**/.svn/**"/>
    <exclude name="**/CVS/**"/>
    <exclude name="**/__pycache__/**"/>
    <exclude name="**/_svn/**"/>
    <exclude name="**/vssver.scc/**"/>
    <exclude name="**/vssver2.scc/**"/>
  </patternset>
  <patternset id="library.patterns">
    <include name="*.war"/>
    <include name="*.swc"/>
    <include name="*.apk"/>
    <include name="*.zip"/>
    <include name="*.egg"/>
    <include name="*.ane"/>
    <include name="*.jar"/>
    <include name="*.ear"/>
  </patternset>
  <patternset id="compiler.resources">
    <exclude name="**/?*.java"/>
    <exclude name="**/?*.form"/>
    <exclude name="**/?*.class"/>
    <exclude name="**/?*.groovy"/>
    <exclude name="**/?*.scala"/>
    <exclude name="**/?*.flex"/>
    <exclude name="**/?*.kt"/>
    <exclude name="**/?*.clj"/>
    <exclude name="**/?*.aj"/>
  </patternset>
  
  <!-- JDK definitions -->
  
  <property name="jdk.bin.1.8" value="${jdk.home.1.8}/bin"/>
  <path id="jdk.classpath.1.8">
    <fileset dir="${jdk.home.1.8}">
      <include name="jre/lib/charsets.jar"/>
      <include name="jre/lib/ext/access-bridge-64.jar"/>
      <include name="jre/lib/ext/cldrdata.jar"/>
      <include name="jre/lib/ext/dnsns.jar"/>
      <include name="jre/lib/ext/jaccess.jar"/>
      <include name="jre/lib/ext/localedata.jar"/>
      <include name="jre/lib/ext/nashorn.jar"/>
      <include name="jre/lib/ext/sunec.jar"/>
      <include name="jre/lib/ext/sunjce_provider.jar"/>
      <include name="jre/lib/ext/sunmscapi.jar"/>
      <include name="jre/lib/ext/sunpkcs11.jar"/>
      <include name="jre/lib/ext/zipfs.jar"/>
      <include name="jre/lib/jce.jar"/>
      <include name="jre/lib/jsse.jar"/>
      <include name="jre/lib/management-agent.jar"/>
      <include name="jre/lib/resources.jar"/>
      <include name="jre/lib/rt.jar"/>
    </fileset>
  </path>
  
  <property name="project.jdk.home" value="${jdk.home.1.8}"/>
  <property name="project.jdk.bin" value="${jdk.bin.1.8}"/>
  <property name="project.jdk.classpath" value="jdk.classpath.1.8"/>
  
  
  <!-- Project Libraries -->
  
  <path id="library.android-gif-drawable-1.1.11-javadoc.classpath">
    <pathelement location="${basedir}/app/libs/android-gif-drawable-1.1.11-javadoc.jar"/>
  </path>
  
  <path id="library.animated-vector-drawable-25.3.1.classpath">
    <pathelement location="${basedir}/../Users/ryan/.android/build-cache/6153710a882ba38309ace50495daf6d1474d1bc7/output/res"/>
    <pathelement location="${basedir}/../Users/ryan/.android/build-cache/6153710a882ba38309ace50495daf6d1474d1bc7/output/jars/classes.jar"/>
  </path>
  
  <path id="library.appcompat-v7-25.3.1.classpath">
    <pathelement location="${basedir}/../Users/ryan/.android/build-cache/83122e96e865c5cbfa7e65543693ca7e92c4f53d/output/res"/>
    <pathelement location="${basedir}/../Users/ryan/.android/build-cache/83122e96e865c5cbfa7e65543693ca7e92c4f53d/output/jars/classes.jar"/>
  </path>
  
  <path id="library.baidulbs_android.classpath">
    <pathelement location="${basedir}/app/libs/BaiduLBS_Android.jar"/>
  </path>
  
  <path id="library.core-3.3.0.classpath">
    <pathelement location="${basedir}/../Users/ryan/.gradle/caches/modules-2/files-2.1/com.google.zxing/core/3.3.0/73c49077166faa4c3c0059c5f583d1d7bd1475fe/core-3.3.0.jar"/>
  </path>
  
  <path id="library.design-25.3.1.classpath">
    <pathelement location="${basedir}/../Users/ryan/.android/build-cache/2855ba064b25b6d10fbb3939793695faed286af8/output/res"/>
    <pathelement location="${basedir}/../Users/ryan/.android/build-cache/2855ba064b25b6d10fbb3939793695faed286af8/output/jars/classes.jar"/>
  </path>
  
  <path id="library.gifview.classpath">
    <pathelement location="${basedir}/app/libs/GifView.jar"/>
  </path>
  
  <path id="library.gson-2.3.1.classpath">
    <pathelement location="${basedir}/../Users/ryan/.gradle/caches/modules-2/files-2.1/com.google.code.gson/gson/2.3.1/ecb6e1f8e4b0e84c4b886c2f14a1500caf309757/gson-2.3.1.jar"/>
  </path>
  
  <path id="library.ksoap2-android-assembly-2.4-jar-with-dependencies.classpath">
    <pathelement location="${basedir}/app/libs/ksoap2-android-assembly-2.4-jar-with-dependencies.jar"/>
  </path>
  
  <path id="library.play-services-base-9.4.0.classpath">
    <pathelement location="${basedir}/../Users/ryan/.android/build-cache/1fefdc6324c43352002300283d9536161720a06a/output/res"/>
    <pathelement location="${basedir}/../Users/ryan/.android/build-cache/1fefdc6324c43352002300283d9536161720a06a/output/jars/classes.jar"/>
  </path>
  
  <path id="library.play-services-basement-9.4.0.classpath">
    <pathelement location="${basedir}/../Users/ryan/.android/build-cache/fe9463d79bb39e5c7620682d4153b793edf3ca70/output/res"/>
    <pathelement location="${basedir}/../Users/ryan/.android/build-cache/fe9463d79bb39e5c7620682d4153b793edf3ca70/output/jars/classes.jar"/>
  </path>
  
  <path id="library.play-services-maps-9.4.0.classpath">
    <pathelement location="${basedir}/../Users/ryan/.android/build-cache/d693a6f9dcc7824a6d5b6cb797cd3b36b8478336/output/res"/>
    <pathelement location="${basedir}/../Users/ryan/.android/build-cache/d693a6f9dcc7824a6d5b6cb797cd3b36b8478336/output/jars/classes.jar"/>
  </path>
  
  <path id="library.play-services-tasks-9.4.0.classpath">
    <pathelement location="${basedir}/../Users/ryan/.android/build-cache/339b7192bf7f38c44ca0ed0805d140d8a5a1bfae/output/res"/>
    <pathelement location="${basedir}/../Users/ryan/.android/build-cache/339b7192bf7f38c44ca0ed0805d140d8a5a1bfae/output/jars/classes.jar"/>
  </path>
  
  <path id="library.qrcodescanner-0.1.2.classpath">
    <pathelement location="${basedir}/../Users/ryan/.android/build-cache/bd58e5e3f0b6c60df1d0bfd53fd936ea6d1086de/output/res"/>
    <pathelement location="${basedir}/../Users/ryan/.android/build-cache/bd58e5e3f0b6c60df1d0bfd53fd936ea6d1086de/output/jars/classes.jar"/>
  </path>
  
  <path id="library.recyclerview-v7-25.3.1.classpath">
    <pathelement location="${basedir}/../Users/ryan/.android/build-cache/7321efe513575bce4a21686f57089fa403f8a64b/output/res"/>
    <pathelement location="${basedir}/../Users/ryan/.android/build-cache/7321efe513575bce4a21686f57089fa403f8a64b/output/jars/classes.jar"/>
  </path>
  
  <path id="library.shortcutbadger-1.1.3.classpath">
    <pathelement location="${basedir}/../Users/ryan/.android/build-cache/3b80a0269ac5c5ed8234251071aefe7b24a9c2ef/output/res"/>
    <pathelement location="${basedir}/../Users/ryan/.android/build-cache/3b80a0269ac5c5ed8234251071aefe7b24a9c2ef/output/jars/classes.jar"/>
  </path>
  
  <path id="library.signalr-client-sdk-android-release-.classpath">
    <pathelement location="${basedir}/../Users/ryan/.android/build-cache/4e131fe33263016d2a90bb1c5bf2616a49d9c2b1/output/res"/>
    <pathelement location="${basedir}/../Users/ryan/.android/build-cache/4e131fe33263016d2a90bb1c5bf2616a49d9c2b1/output/jars/classes.jar"/>
  </path>
  
  <path id="library.signalr-client-sdk.classpath">
    <pathelement location="${basedir}/app/libs/signalr-client-sdk.jar"/>
  </path>
  
  <path id="library.support-annotations-25.3.1.classpath">
    <pathelement location="${basedir}/../Users/ryan/AppData/Local/Android/sdk/extras/android/m2repository/com/android/support/support-annotations/25.3.1/support-annotations-25.3.1.jar"/>
  </path>
  
  <path id="library.support-compat-25.3.1.classpath">
    <pathelement location="${basedir}/../Users/ryan/.android/build-cache/31b45646bd038a9ebbf16e7fdec061c8dad6a407/output/res"/>
    <pathelement location="${basedir}/../Users/ryan/.android/build-cache/31b45646bd038a9ebbf16e7fdec061c8dad6a407/output/jars/classes.jar"/>
  </path>
  
  <path id="library.support-core-ui-25.3.1.classpath">
    <pathelement location="${basedir}/../Users/ryan/.android/build-cache/7fdb7e31b1c4d6a7f419423c4ab207c5513784e1/output/res"/>
    <pathelement location="${basedir}/../Users/ryan/.android/build-cache/7fdb7e31b1c4d6a7f419423c4ab207c5513784e1/output/jars/classes.jar"/>
  </path>
  
  <path id="library.support-core-utils-25.3.1.classpath">
    <pathelement location="${basedir}/../Users/ryan/.android/build-cache/2960f8f53831a4a1f6ddf4262558d3949266e0f4/output/res"/>
    <pathelement location="${basedir}/../Users/ryan/.android/build-cache/2960f8f53831a4a1f6ddf4262558d3949266e0f4/output/jars/classes.jar"/>
  </path>
  
  <path id="library.support-fragment-25.3.1.classpath">
    <pathelement location="${basedir}/../Users/ryan/.android/build-cache/9b32f5c2279d5ff7d33b5c0668ab107aa03aab9f/output/res"/>
    <pathelement location="${basedir}/../Users/ryan/.android/build-cache/9b32f5c2279d5ff7d33b5c0668ab107aa03aab9f/output/jars/classes.jar"/>
  </path>
  
  <path id="library.support-media-compat-25.3.1.classpath">
    <pathelement location="${basedir}/../Users/ryan/.android/build-cache/e5ca934bad219cf9cb6881f6601b02ad3cccf972/output/res"/>
    <pathelement location="${basedir}/../Users/ryan/.android/build-cache/e5ca934bad219cf9cb6881f6601b02ad3cccf972/output/jars/classes.jar"/>
  </path>
  
  <path id="library.support-v4-25.3.1.classpath">
    <pathelement location="${basedir}/../Users/ryan/.android/build-cache/190a9fdd612893d151a115523f914b088fc64898/output/res"/>
    <pathelement location="${basedir}/../Users/ryan/.android/build-cache/190a9fdd612893d151a115523f914b088fc64898/output/jars/classes.jar"/>
  </path>
  
  <path id="library.support-vector-drawable-25.3.1.classpath">
    <pathelement location="${basedir}/../Users/ryan/.android/build-cache/a0a152eed9621a9182b7dd990a7b08c2d37fb7a1/output/res"/>
    <pathelement location="${basedir}/../Users/ryan/.android/build-cache/a0a152eed9621a9182b7dd990a7b08c2d37fb7a1/output/jars/classes.jar"/>
  </path>
  
  <path id="library.transition-25.3.1.classpath">
    <pathelement location="${basedir}/../Users/ryan/.android/build-cache/e5b4edf4163d50e1d34ebeee278cea590b659630/output/res"/>
    <pathelement location="${basedir}/../Users/ryan/.android/build-cache/e5b4edf4163d50e1d34ebeee278cea590b659630/output/jars/classes.jar"/>
  </path>
  
  <path id="library.universal-image-loader-1.9.5.classpath">
    <pathelement location="${basedir}/app/libs/universal-image-loader-1.9.5.jar"/>
  </path>
  <!-- Register Custom Compiler Taskdefs -->
  <property name="javac2.home" value="${idea.home}/lib"/>
  <path id="javac2.classpath">
    <fileset dir="${javac2.home}">
      <include name="javac2.jar"/>
      <include name="jdom.jar"/>
      <include name="asm-all*.jar"/>
      <include name="jgoodies-forms.jar"/>
    </fileset>
  </path>
  <target name="register.custom.compilers">
    <taskdef name="javac2" classname="com.intellij.ant.Javac2" classpathref="javac2.classpath"/>
    <taskdef name="instrumentIdeaExtensions" classname="com.intellij.ant.InstrumentIdeaExtensions" classpathref="javac2.classpath"/>
  </target>
  
  <!-- Modules -->
  
  <import file="${basedir}/app/module_app.xml"/>
  
  <import file="${basedir}/module_maakkiapp.xml"/>
  
  <target name="init" description="Build initialization">
    <!-- Perform any build initialization in this target -->
  </target>
  
  <target name="clean" depends="clean.module.app, clean.module.maakkiapp" description="cleanup all"/>
  
  <target name="build.modules" depends="init, clean, compile.module.app, compile.module.maakkiapp" description="build all modules"/>
  
  <target name="all" depends="build.modules" description="build all"/>
</project>