<?xml version="1.0" encoding="UTF-8"?>
<project name="module_maakkiapp" default="compile.module.maakkiapp">
  <dirname property="module.maakkiapp.basedir" file="${ant.file.module_maakkiapp}"/>
  
  <property name="module.jdk.home.maakkiapp" value="${jdk.home.1.8}"/>
  <property name="module.jdk.bin.maakkiapp" value="${jdk.bin.1.8}"/>
  <property name="module.jdk.classpath.maakkiapp" value="jdk.classpath.1.8"/>
  
  <property name="compiler.args.maakkiapp" value="-encoding UTF-8 -source 7 -target 7 ${compiler.args}"/>
  
  <property name="maakkiapp.output.dir" value="${module.maakkiapp.basedir}/build/classes/production/MaakkiAPP"/>
  <property name="maakkiapp.testoutput.dir" value="${module.maakkiapp.basedir}/build/classes/test/MaakkiAPP"/>
  
  <path id="maakkiapp.module.bootclasspath">
    <!-- Paths to be included in compilation bootclasspath -->
  </path>
  
  <path id="maakkiapp.module.production.classpath">
    <path refid="${module.jdk.classpath.maakkiapp}"/>
  </path>
  
  <path id="maakkiapp.runtime.production.module.classpath">
    <pathelement location="${maakkiapp.output.dir}"/>
  </path>
  
  <path id="maakkiapp.module.classpath">
    <path refid="${module.jdk.classpath.maakkiapp}"/>
    <pathelement location="${maakkiapp.output.dir}"/>
  </path>
  
  <path id="maakkiapp.runtime.module.classpath">
    <pathelement location="${maakkiapp.testoutput.dir}"/>
    <pathelement location="${maakkiapp.output.dir}"/>
  </path>
  
  
  <patternset id="excluded.from.module.maakkiapp">
    <patternset refid="ignored.files"/>
  </patternset>
  
  <patternset id="excluded.from.compilation.maakkiapp">
    <patternset refid="excluded.from.module.maakkiapp"/>
  </patternset>
  
  
  <target name="compile.module.maakkiapp" depends="compile.module.maakkiapp.production,compile.module.maakkiapp.tests" description="Compile module MaakkiAPP"/>
  
  <target name="compile.module.maakkiapp.production" depends="register.custom.compilers" description="Compile module MaakkiAPP; production classes"/>
  
  <target name="compile.module.maakkiapp.tests" depends="register.custom.compilers,compile.module.maakkiapp.production" description="compile module MaakkiAPP; test classes" unless="skip.tests"/>
  
  <target name="clean.module.maakkiapp" description="cleanup module">
    <delete dir="${maakkiapp.output.dir}"/>
    <delete dir="${maakkiapp.testoutput.dir}"/>
  </target>
</project>